CODE,RESOLVED_DESCRIPTION,SOURCE,VARIANTS
1,Deductible Amount,CARC dictionary,Misdirected claims (x1) | Redirected claim (x1)
10,The diagnosis is inconsistent with the patient's gender,CARC dictionary,Invalid policy/id number (x1) | Duplicate Claim appeal (x1) | Remaining portion of bill paid by healthcare insurance (x1) | INFORMATION REQUESTED FROM THE BILLING/RENDERING PROVIDER WAS NOT PROVIDED OR NOT PROVIDED TIMELY OR WAS INSUFFICIENT/INCOMPLETE. (x1)
11,The diagnosis is inconsistent with the procedure,CARC dictionary,No NPI on submitted claim (x1) | No Fault - Denied Driving under the Influence. (x1) | No Fault - Failure to appear for medical exam by an insurer is a breach of a condition precedent to coveage under the no fault policy. (x1)
13,The date of death precedes the date of service,CARC dictionary,Health Savings account payments (x2) | Incorrect Place of Sevice (x1) | his service/equipment/drug is not covered under the patients current benefit plan (x1)
14,The date of birth follows the date of service,CARC dictionary,Initial decision upheld (x1) | Incorrect carrier (x1) | INCORRECT PLACE OF SEVICE (x1) | Incorrect Place of Sevice (x1)
18,Exact duplicate claim/service,CARC dictionary,Cap. hospital responsibility (x1) | Primary payers benefit is equal or greater than plans benefits (x1) | PAYMENT REDUCED DUE TO OTHER INSURANCE PAYMENT. (x1) | This (these) diagnosis(es) is (are) not covered. (x1)
19,This is a work-related injury/illness,CARC dictionary,Denied to Logisticare (x1) | Disposition of Service Line is pending review (x1)
2,Coinsurance Amount,CARC dictionary,Recipient is Not Elig 4 Mcal (x1) | Member cannot be identified (x1)
21,This injury/illness is the liability of the no-fault carrier,CARC dictionary,EXTRN CAUSE OF INJURY DX CANNOT BE PRIMARY DX. (x1) | The procedure code is inconsistent with the provider type/specialty (taxonomy). (x1)
48,This service is not covered unless the injury is work-related,CARC dictionary,Payment denied/reduced for absence of precertification/authorization (x1) | These are non-covered services because this is a pre-existing condition (x1)
9,The diagnosis is inconsistent with the patient's age,CARC dictionary,EXPENSES INCURRED PRIOR TO COVERAGE. (x2) | DISCOVERED PT HAS MEDICARE-BILL MEDICARE DIRECTLY. (x1) | Expenses not approved by medicare are not covered (x1)
AO23,Co-payment Amount,CARC dictionary,"Other Ajustments - Impact of prior payers adjudication  including payments and /or adjustments (x1) | Not medically necessary, per medical director. (x1)"
CO-284,ESRD network approval not obtained,CARC dictionary,Precertification/authorization/notification/pre-treatment number may be valid but does not apply to the billed services. (x1) | Payment is included in the allowance for a Skilled Nursing Facility (SNF) qualified stay. (x1) | Payment made to patient/insured/responsible party. (x1)
CO001,Deductible Amount,CARC dictionary,PAYMNT ADJUSTMNT TO PREV CLAIM (x1) | IM HAS BEEN FORWARDED TO THEM FO (x1)
CO0012,The diagnosis is inconsistent with the provider type,CARC dictionary,Info Missing/Incomplete (x1) | Hospital Inpatient Controversy (x1)
CO0014,The date of birth follows the date of service,CARC dictionary,INITIAL DECISION-UPHELD (x1) | Incorrect Place of Sevice (x1)
CO0015,"The authorization number is missing, invalid, or does not apply",CARC dictionary,Medicare Disallowed service (x1) | Lifetime benefit maximum has been reached. (x1)
CO0016,Claim/service lacks information or has submission error(s),CARC dictionary,MEDICARE IS PRIMARY (x1) | Major Medical Adjustment. (x1)
CO0017,Requested information was not provided or was insufficient/incomplete,CARC dictionary,BENEFITS WERE COORDINATED WITH YOUR PRIMARY HEALTH CARE PLAN. (x1) | BENEFITS WERE COORDINATED WITH YOUR PRIMARY HEALTH CARE PLAN (x1) | Benefits adjusted. Plan procedures not followed. (x1)
CO002,Coinsurance Amount,CARC dictionary,REOPENING CLERICAL ERROR. (x1) | Procedure denied due to related service not paid (x1)
CO0027,Expenses incurred after coverage terminated,CARC dictionary,Inclusive in Primary Procedure (x1) | Health Savings account payments (x1)
CO0028,Coverage terminated before service date,CARC dictionary,CLAIM REDUCTION (x1) | Claim not submitted within timely filing limitations (x1)
CO0029,The time limit for filing has expired,CARC dictionary,COORDINATION OF BENEFITS APPLIED ON THIS CLAIM (x1) | ATED WITH YOUR MEDICAL GROUP.CLA (x1)
CO003,Co-payment Amount,CARC dictionary,RECOVERY WRITE OFF (x1) | Primary payers benefit is equal or greater than plans benefits (x1) | Prior approval number invalid (x1)
CO0031,Patient cannot be identified as our insured,CARC dictionary,Services Are Not A Medicare Covered Benefit (x1) | RECOVERY WRITE OFF (x1)
CO0033,Insured has no dependent coverage,CARC dictionary,BILL MEDICARE HOSPICE SERVICE (x1) | Bill Medicaid directly. (x1)
CO0036,Balance does not exceed co-payment amount,CARC dictionary,CLAIM ADJUSTMENT (x1) | Claim adjusted based on failure to follow prior payer's coverage rules. (Use Group Code OA). (x1)
CO0039,Services denied at the time authorization/pre-certification was requested,CARC dictionary,INVALID INFORMATION RECEIVED (x1) | INFORMATION REQUESTED FROM THE BILLING/RENDERING PROVIDER WAS NOT PROVIDED OR NOT PROVIDED TIMELY OR WAS INSUFFICIENT (x1)
CO0043,Inappropriate use of procedure code,CARC dictionary,SEQUESTRATION REDUCTION (x1) | PROMPT-PAY DISCOUNT. (x1)
CO0045,Charges exceed your contracted/legislated fee arrangement,CARC dictionary,SUBMISSION/BILLING ERROR (x1) | Services Are Not A Medicare Covered Benefit (x1)
CO0049,This is a non-covered service,CARC dictionary,Medicare allowable (x1) | The diagnosis is inconsistent with the patient's age. (x1)
CO005,The procedure code/bill type is inconsistent with the place of service,CARC dictionary,SERVICE DOWNCODED TO MATCH AUTHORIZED CODE (x1) | PROVIDER CONTRACTED/NEGOTIATED RATE EXPIRED OR NOT ON FILE. (x1)
CO0050,These are non-covered services,CARC dictionary,"SERVICE IS INCLUDED IN THE PER DIEM,CARE RATE,OR GLOBAL FEE (x1) | Provider is not contracted for your plan.  The services were not precertified, therefore no payment will be made. (x1)"
CO0052,Medicare program rules prevent payment for this service,CARC dictionary,RECEIVED /IN PROCESS (x1) | Primary diagnosis missing for procedure. (x1)
CO0055,Procedure/treatment is deemed experimental/investigational,CARC dictionary,DENY SERVICE IS UNBUNDLED (x1) | Denied-No patient responsibility. (x1)
CO0056,"Procedure/treatment has not been deemed ""proven to be effective""",CARC dictionary,THE ALLOWED AMT IS INTENDED TO BE PAYMENT IN FULL FOR COVRD SRVICE/ NEGOTIATED AGREEMENT ON FILE (x1) | JUDICATION. (x1)
CO0058,Treatment was deemed by the payer to have been rendered in an inappropriate setting,CARC dictionary,"MILEAGE QUANTITY DOES NOT MATCH AMBULANCE NOTES (x1) | Medical records have not been received or are insufficient to determine decision of payment. Please submit the ambulance trip notes, ER report, H&P notes, progress notes, and discharge summary within 30 days. (x1)"
CO0061,Penalty for failure to obtain second surgical opinion,CARC dictionary,Other (x1) | Charged exceed our fee schedule or maximum allowable amount. (x1)
CO0062,Payment for obsolete/outdated equipment/materials,CARC dictionary,PAID PER APPROVED RETRO AUTH (x1) | Original payment decision is being maintained. This claim was processed properly the first time. (x1)
CO007,The procedure/revenue code is inconsistent with the patient's gender,CARC dictionary,OUT OF NETWORK. (x1) | Original payment decision is being maintained. This claim was processed properly the first time. (x1)
CO008,The procedure code is inconsistent with the provider type/specialty,CARC dictionary,MISSING/INCOMPLETE/INVALID DAYS OR UNITS OF SERVICE. (x1) | PAID MEDICAID FEE SCHEDULE (x1) | Original payment decision is being maintained. This claim was processed properly the first time. (x1)
CO01,Deductible Amount,CARC dictionary,IPA responsibility (x1) | INGREDIENT COST ADJUSTMENT. (x1)
CO011,The diagnosis is inconsistent with the procedure,CARC dictionary,Applied to deductible (x1) | APPLIED TO DEDUCTIBLE (x1)
CO012,The diagnosis is inconsistent with the provider type,CARC dictionary,Applied to co-pay (x1) | APPLIED TO CO-PAY (x1)
CO013,The date of death precedes the date of service,CARC dictionary,Refund request (x1) | Prior authorization is required but was not obtained. (x1)
CO014,The date of birth follows the date of service,CARC dictionary,DOS after coverage terminated (x1) | Discount agreed to in Preferred Provider contract. (x1)
CO015,"The authorization number is missing, invalid, or does not apply",CARC dictionary,Duplicate Claim (x1) | DOS after coverage terminated (x1)
CO016,Claim/service lacks information or has submission error(s),CARC dictionary,DRG (x1) | Dispensing fee adjustment. (x1)
CO017,Requested information was not provided or was insufficient/incomplete,CARC dictionary,Non-Covered service (x1) | Non standard adjustment code from paper remittance advice. (x1)
CO02,Coinsurance Amount,CARC dictionary,CANNOT ID MEMBER (x1) | Bill w/point of pickup zip code in box 23 (x1)
CO021,This injury/illness is the liability of the no-fault carrier,CARC dictionary,MAXIMUM ALLOWABLE MET (x1) | IPA responsibility (x1)
CO022,This care may be covered by another payer,CARC dictionary,PRIMARY EOB NEEDED (x1) | URANCE PAYMENT. (x1)
CO024,Charges are covered under a capitation agreement/managed care plan,CARC dictionary,"REQUIRES ORIGINAL CLAIMS WITH AL_x000D_
L RELEVANT DOCUMENTATION. (x1) | Procedure is not paid separately (x1)"
CO025,Payment denied. Patient has not met the required eligibility requirements,CARC dictionary,"THE COMBINATION OF PROCEDURE COD_x000D_
E AND MODIFIER IS NOT VALID ON T_x000D_
HE DATES OF SERVICE BILLED. (x1) | Services not covered because the patient is enrolled in a Hospice. (x1)"
CO028,Coverage terminated before service date,CARC dictionary,"SERVICES BILLED EXCEED THE OCCUR_x000D_
RENCES REMAINING ON THE APPROVED_x000D_
TAR/SAR. (x1) | REOPENING CLERICAL ERROR. (x1)"
CO03,Co-payment Amount,CARC dictionary,Untimely Filing (x1) | These are non-covered services because this is a pre-existing condition (x1)
CO030,This payment is being made conditionally,CARC dictionary,"PAYMENT REDUCED BECAUSE OF PATIE_x000D_
NT LIABILITY. (x1) | NSIBILITY OF THE HOSPITAL AFFILI (x1)"
CO031,Patient cannot be identified as our insured,CARC dictionary,"FOR NON-PHYSICIAN CLAIMS,SEE CHA_x000D_
RPENTIER BILLING INSTRUCTION IN _x000D_
THE PROVIDER MANUAL. (x1) | Failure to obtain prior authorization prior to rendering services. (x1)"
CO034,Insured has no coverage for newborns,CARC dictionary,"THIS PROCEDURE IS NOT PAYABLE ON_x000D_
THIS DATE OF SERVICE. (x1) | The referring provider is not eligible to refer the service billed. (x1)"
CO038,Services not provided or not provided as frequently as billed,CARC dictionary,"PAYMENT FOR SERVICE IS THE RESPO_x000D_
NSIBILITY OF THE HOSPITAL AFFILI_x000D_
ATED WITH YOUR MEDICAL GROUP.CLA_x000D_
IM HAS BEEN FORWARDED TO THEM FO_x000D_
R REVIEW. (x1) | Payment denied/reduced for absence of precertification/authorization (x1)"
CO039,Services denied at the time authorization/pre-certification was requested,CARC dictionary,"SERVICES ARE THE FINANCIAL RESPO_x000D_
NSIBILITY OF LOGISTICARE.CLAIM H_x000D_
AS BEEN FORWARDED TO THEM FOR AD_x000D_
JUDICATION. (x1) | REFUND REQUEST (x1)"
CO043,Inappropriate use of procedure code,CARC dictionary,"UPHOLD-THE CLAIM HAS BEEN FORWAR_x000D_
DED TO THE RESPONSIBLE PARTY FOR_x000D_
PMT. (x1) | THESE ARE NON-COVERED SERVICES BECAUSE THIS IS A ROUTINE EXAM OR SCREENING PROCEDURE DONE IN CONJUNCTION WITH A ROUTINE EXAM. (x1)"
CO045,Charges exceed your contracted/legislated fee arrangement,CARC dictionary,"UPHOLD-CONTRACTED/LOA RATE WAS P_x000D_
AID.NO ADDITIONAL AMOUNT DUE. (x1) | These are non-covered services because this is a routine exam or screening procedure done in conjunction with a routine exam. (x1)"
CO046,This service/procedure requires a referral,CARC dictionary,THE MEMBER HAS ELECTED MEDICARE HOSPICE BENEFITS. (x1) | Submit transportation service claim to the proper vendor. (x1)
CO049,This is a non-covered service,CARC dictionary,LATE BILLING * CUTBACK. (x1) | Initial decision upheld (x1)
CO05,The procedure code/bill type is inconsistent with the place of service,CARC dictionary,No authorization on file (x1) | No authorization (x1) | Missing/incomplete/invalid patient name (x1)
CO052,Medicare program rules prevent payment for this service,CARC dictionary,SERVICE INCLUDED IN OTHER SVCS. (x1) | Provider discount. (x1)
CO06,The procedure/revenue code is inconsistent with the patient's age,CARC dictionary,Invalid HCPC codes (x1) | Information requested from the billing/provider was not provided or was insifficient/incomplete (x1)
CO07,The procedure/revenue code is inconsistent with the patient's gender,CARC dictionary,"Invalid DX codes (x1) | THE DIAGNOSIS CODE SUBMITTED IS _x000D_
NOT BILLED TO THE HIGHEST LEVEL _x000D_
OF SPECIFICITY. (x1) | Info Missing/Incomplete (x1) | SERVICES NOT DOCUMENTED IN PATIENTS' MEDICAL RECORDS. (x1)"
CO08,The procedure code is inconsistent with the provider type/specialty,CARC dictionary,Not medically necessary (x1) | NON STANDARD ADJUSTMENT CODE FROM PAPER REMITTANCE ADVICE. (x1)
CO09,The diagnosis is inconsistent with the patient's age,CARC dictionary,Health plan responsibility (x1) | RPENTIER BILLING INSTRUCTION IN (x1)
CO1,Deductible Amount,CARC dictionary,Deductible Amount (x2) | Decision based on review of previusly adjudicated claims or for claims in process for the same/similar type of services. (x1)
CO10,The diagnosis is inconsistent with the patient's gender,CARC dictionary,The diagnosis is inconsistent with the patient's gender. (x2) | SERVICES NOT PROVIDED BY NETWORK/PRIMARY CARE PROVIDERS (x2)
CO102,Major Medical Adjustment,CARC dictionary,Major Medical Adjustment. (x2) | INVALID POLICY/ID NUMBER (x1)
CO107,Payment adjusted for failure to obtain treatment authorization,CARC dictionary,Claim/service adjusted because the related or qualifying claim/service was not identified on this claim. (x2) | Claim/Service adjusted because the attachment referenced on the claim was not received. (x1)
CO109,Claim/service not covered by this payer/contractor,CARC dictionary,Claim not covered by this payer/contractor. You must send the claim to the correct payer/contractor. (x2) | Claim information is inconsistent with pre-certified/authorized services. (x1)
CO11,The diagnosis is inconsistent with the procedure,CARC dictionary,The diagnosis is inconsistent with the procedure. (x2) | Services not provided or authorized by designated (network/primary care) providers. (x1)
CO112,Service not furnished directly to the patient,CARC dictionary,Payment adjusted as not furnished directly to the patient and/or not documented. (x2) | Patient is not a Veteran as defined in 38 USC 1720G(a)(2). 38 UCS 111(e)(2)(D). (x1)
CO117,Transportation is only covered to the nearest appropriate facility that can provide the required level of care,CARC dictionary,Payment adjusted because transportation is only covered to the closest facility that can provide the necessary care. (x2) | Payment adjusted because this care may be covered by another payer per coordination of benefits. (x1)
CO118,Transportation is only covered for trips under prescribed mileage limit,CARC dictionary,Charges reduced for ESRD network support. (x2) | Charges not approved by Medicare are not covered under the policy. (x1)
CO119,Benefit maximum has been reached,CARC dictionary,Benefit maximum for this time period or occurrence has been reached. (x2) | BASED ON THE FINDINGS OF A REVIEW ORGANIZATION (x1)
CO12,The diagnosis is inconsistent with the provider type,CARC dictionary,"The diagnosis is inconsistent with the provider type. (x2) | Services were rendered after the cancellation date of your contract, therefore, no benefits are payable (x1)"
CO125,Submission/billing error(s),CARC dictionary,Payment adjusted due to a submission/billing error(s). Additional information is supplied using the remittance advice remarks codes whenever appropriate. This change to be effective 4/1/2007: At least one Remark Code must be provided. (x2) | Payment adjusted because this procedure code and modifier were invalid on the date of service (x1)
CO129,Prior processing information appears incorrect,CARC dictionary,Payment denied - Prior processing information appears incorrect. (x2) | PAYMENT ADJUSTED BECAUSE THIS SERVICE/PROCEDURE REQUIRES THAT A QUALIFYING SERVICE/PROCEDURE BE RECEIVED AND COVERED. THE QUALIFYING OTHER SERVICE/PROCEDURE HAS NOT BEEN RECEIVED/ADJUDICATED. (x1)
CO13,The date of death precedes the date of service,CARC dictionary,The date of death precedes the date of service. (x2) | Services not covered because the patient is enrolled in a Hospice. (x1)
CO131,Claim specific pre-arranged demonstration project adjustment,CARC dictionary,Claim specific negotiated discount. (x2) | Claim overlaps inpatient stay.  Rebill only those services rendered outside the inpatient stay. (x1)
CO132,Prearranged demonstration project adjustment,CARC dictionary,Prearranged demonstration project adjustment. (x2) | Payment is included in the allowance for a Skilled Nursing Facility (SNF) qualified stay. (x1)
CO133,The disposition of the claim/service is pending further review,CARC dictionary,The disposition of this claim/service is pending further review. (x2) | Social Security records indicate that this patient was a prisoner when the service was rendered. (x1)
CO138,Appeal procedures not followed or time limits expired,CARC dictionary,Claim/service denied. Appeal procedures not followed or time limits not met. (x2) | CLAIM/SERVICE DENIED BECAUSE PROCEDURE/TREATMENT IS DEEMED EXPERIMENTAL/INVESTIGATIONAL BY THE PAYER. (x1)
CO140,Patient/Insured health identification number and name do not match,CARC dictionary,Patient/Insured health identification number and name do not match. (x2) | PATIENT HAS NOT MET THE REQUIRED ELIGIBILITY REQUIREMENTS (x1)
CO146,Diagnosis was invalid for the date(s) of service reported,CARC dictionary,Payment denied because the diagnosis was invalid for the date(s) of service reported. (x2) | PAYMENT ADJUSTED DUE TO A SUBMISSION/BILLING ERROR(S). ADDITIONAL INFORMATION IS SUPPLIED USING THE REMITTANCE ADVICE REMARKS CODES WHENEVER APPROPRIATE. THIS CHANGE TO BE EFFECTIVE 4/1/2007: AT LEAST ONE REMARK CODE MUST BE PROVIDED. (x1)
CO147,Provider contracted/negotiated rate expired on the date of service,CARC dictionary,Provider contracted/negotiated rate expired or not on file. (x2) | Precertification/authorization/notification/pre-treatment number may be valid but does not apply to the billed services. (x1)
CO15,"The authorization number is missing, invalid, or does not apply",CARC dictionary,"Payment adjusted because the submitted authorization number is missing, invalid, or does not apply to the billed services or provider. (x2) | Payment adjusted because the payer deems the information submitted does not support this many services. (x1)"
CO150,Payer deems the information does not support this many services,CARC dictionary,Payment adjusted because the payer deems the information submitted does not support this level of service. (x2) | Payment adjusted as not furnished directly to the patient and/or not documented. (x1) | Payment adjusted because an alternate benefit has been provided (x1) | PAYMENT ADJUSTED BECAUSE AN ALTERNATE BENEFIT HAS BEEN PROVIDED (x1) | PAYMENT ADJUSTED BECAUSE PROCEDURE/SERVICE WAS PARTIALLY OR FULLY FURNISHED BY ANOTHER PROVIDER. (x1)
CO151,Payer deems the information does not support this length of service,CARC dictionary,Payment adjusted because the payer deems the information submitted does not support this many services. (x2) | Payment adjusted because rent/purchase guidelines were not met. (x1) | PAYMENT ADJUSTED BECAUSE RENT/PURCHASE GUIDELINES WERE NOT MET. (x1) | PAYMENT ADJUSTED BECAUSE REQUESTED INFORMATION WAS NOT PROVIDED OR WAS INSUFFICIENT/INCOMPLETE. ADDITIONAL INFORMATION IS SUPPLIED USING THE REMITTANCE ADVICE REMARKS CODES WHENEVER APPROPRIATE. AT LEAST ONE REMARK CODE MUST BE PROVIDED. (x1) | Payment adjusted because requested information was not provided or was insufficient/incomplete. Additional information is supplied using the remittance advice remarks codes whenever appropriate. At least one Remark Code must be provided. (x1)
CO16,Claim/service lacks information or has submission error(s),CARC dictionary,Claim/service lacks information which is needed for adjudication. Additional information is supplied using remittance advice remarks codes whenever appropriate. This change to be effective 4/1/2007: At least one Remark Code must be provided. (x2) | Claim/Service denied. At least one Remark Code must be provided (may be comprised of either the Remittance Advice Remark Code or NCPDP Reject Reason Code). (x1)
CO163,Attachment referenced on the claim was not received,CARC dictionary,Claim/Service adjusted because the attachment referenced on the claim was not received. (x3) | Claim/Service adjusted because the attachment referenced on the claim was not received in a timely fashion. (x2)
CO164,Attachment/other documentation contains services not listed on claim,CARC dictionary,Claim/Service adjusted because the attachment referenced on the claim was not received in a timely fashion. (x2) | Claim specific negotiated discount. (x1) | Claim Withdrawn a Providers request (x1)
CO166,Information requested from the patient/insured was not provided,CARC dictionary,These services were submitted after this payers responsibility for processing claims under this plan ended. (x2) | The disposition of this claim/service is pending further review. (x1)
CO167,This diagnosis is not covered,CARC dictionary,"This (these) diagnosis(es) is (are) not covered. (x2) | The Medicaid state requires provider to be enrolled in the member's Mediciad state program prior to any claim benefits being processed. (x1) | THE MEMBER HAS ELECTED MEDICARE HOSPICE BENEFITS. (x1) | The member's coverage was not in effect on the date services were provided. (x1) | The patient's coverage does not provide for Ambulance services. Therefore, no payment can be made. We provide administrative claims payment services only and do not assume any financial risk or obligation. (x1)"
CO168,Blood deductible,CARC dictionary,Payment denied as Service(s) have been considered under the patient's medical plan. Benefits are not available under this dental plan (x2) | PAYMENT ADJUSTED BECAUSE TRANSPORTATION IS ONLY COVERED TO THE CLOSEST FACILITY THAT CAN PROVIDE THE NECESSARY CARE. (x1)
CO169,Alternate benefit has been provided,CARC dictionary,Payment adjusted because an alternate benefit has been provided (x2) | Patient is not an eligible person under PIP as applicant was in the use and operation of their own vehicle at the time of motor vehicle accident. (x1)
CO17,Requested information was not provided or was insufficient/incomplete,CARC dictionary,Payment adjusted because requested information was not provided or was insufficient/incomplete. Additional information is supplied using the remittance advice remarks codes whenever appropriate. At least one Remark Code must be provided. (x2) | PATIENT RESPONSIBILITY (x1)
CO170,Payment denied when performed/billed by this type of provider,CARC dictionary,"Payment is denied when performed/billed by this type of provider. (x2) | Payment denied/reduced for exceeded, precertification/authorization (x1)"
CO171,Payment adjusted when performed/billed by this provider specialty,CARC dictionary,"Payment is denied when performed/billed by this type of provider in this type of facility. (x2) | Payment denied/reduced for exceeded, precertification/authorization (x1)"
CO177,Patient has not met the required eligibility requirements,CARC dictionary,Payment denied because the patient has not met the required eligibility requirements (x1) | PATIENT HAS NOT MET THE REQUIRED ELIGIBILITY REQUIREMENTS (x1) | Original payment decision is being maintained. This claim was processed properly the first time. (x1) | Payment adjusted due to the impact of prior payer(s) adjudication including payments and/or adjustments (x1)
CO18,Exact duplicate claim/service,CARC dictionary,Duplicate claim/service. (x2) | Duplicate Claim (x1)
CO181,Procedure code was invalid on the date of service,CARC dictionary,Payment adjusted because this procedure code was invalid on the date of service (x2) | Payment adjusted because the procedure modifier was invalid on the date of service (x2) | PAYMENT ADJUSTED BECAUSE THE PROCEDURE MODIFIER WAS INVALID ON THE DATE OF SERVICE (x1)
CO182,Procedure modifier was invalid on the date of service,CARC dictionary,Payment adjusted because the procedure modifier was invalid on the date of service (x2) | Payment adjusted because the payer deems the information submitted does not support this level of service. (x2) | Payment adjusted because the benefit for this service is included in the payment/allowance for another service/procedure that has already been adjudicated (x1)
CO183,The referring provider is not eligible to refer service performed,CARC dictionary,The referring provider is not eligible to refer the service billed. (x2) | THE COMBINATION OF PROCEDURE COD (x1)
CO184,The prescribing/ordering provider is not eligible to prescribe/order,CARC dictionary,"The prescribing/ordering provider is not eligible to prescribe/order the service billed. (x2) | The ambulance claim submitted on your behalf has been returned to the provider due ot a billing issue.  If you have questions regarding a corrected claim submission, please contact the community provider. (x1)"
CO185,The rendering provider is not eligible to perform service billed,CARC dictionary,The rendering provider is not eligible to perform the service billed. (x2) | E AND MODIFIER IS NOT VALID ON T (x1)
CO19,This is a work-related injury/illness,CARC dictionary,Claim denied because this is a work-related injury/illness and thus the liability of the Worker's Compensation Carrier. (x2) | Claim denied because this injury/illness is the liability of the no-fault carrier. (x1)
CO190,Payment adjusted - documentation did not support service,CARC dictionary,"Payment denied/reduced for exceeded, precertification/authorization (x3) | Payment is included in the allowance for a Skilled Nursing Facility (SNF) qualified stay. (x2)"
CO192,Non-standard adjustment code from paper remittance,CARC dictionary,Non standard adjustment code from paper remittance advice. (x2) | No Fault - The application for benefits was not received within 30 days of the accident date and the applicant did not submit prior written notice. (x1) | No Fault - Treatment is not related to the Motor Vehicle Accident. (x1) | No Fault - Written proof of claim was provided more than 45 days after the date these services were rendered. (x1) | No Medicare Allowable (x1)
CO193,Original payment decision is being maintained,CARC dictionary,Original payment decision is being maintained. This claim was processed properly the first time. (x2) | Non-covered charge(s). This change to be effective 4/1/2007: At least one Remark Code must be provided (may be comprised of either the Remittance Advice Remark Code or NCPDP Reject Reason Code.) (x2) | Non-Covered days/Room charge adjustment. (x1)
CO196,Precertification/notification/authorization not within time limit,CARC dictionary,Claim/service denied based on prior payer's coverage determination. (x2) | Claim/service adjusted because the related or qualifying claim/service was not identified on this claim. (x1)
CO197,Precertification/authorization/notification absent,CARC dictionary,Payment denied because the diagnosis was invalid for the date(s) of service reported. (x3) | Payment denied/reduced for absence of precertification/authorization (x2)
CO198,Precertification/authorization exceeded,CARC dictionary,"Payment denied/reduced for exceeded, precertification/authorization (x2) | Payment denied/reduced for absence of precertification/authorization (x2) | Payment denied/reduced because the payer deems the information submitted does not support this level of service, this many services, this length of service, this dosage, or this day's supply. (x1)"
CO2,Coinsurance Amount,CARC dictionary,Coinsurance Amount (x2) | COB/Deny No Fault/MedPay Benefits Apply. (x1)
CO20,This injury/illness is covered by the liability carrier,CARC dictionary,Claim denied because this injury/illness is covered by the liability carrier. (x2) | Claim denied as patient cannot be identified as our insured. (x1)
CO200,Expenses incurred during lapse in coverage,CARC dictionary,Expenses incurred during lapse in coverage (x2) | Expenses incurred after coverage terminated. (x2)
CO203,Discontinued or reduced service,CARC dictionary,DISCONTINUED OR REDUCED SERVICE (x1) | Did not call Hospice prior to calling EMS as per protocol and education as per De Baker note (x1)
CO204,This service/equipment/drug is not covered,CARC dictionary,This service/equipment/drug is not covered under the patientâ€™s current benefit plan (x1) | The time limit for filing has expired. (x1)
CO21,This injury/illness is the liability of the no-fault carrier,CARC dictionary,Claim denied because this injury/illness is the liability of the no-fault carrier. (x2) | Claim denied because this injury/illness is covered by the liability carrier. (x1)
CO22,This care may be covered by another payer,CARC dictionary,Payment adjusted because this care may be covered by another payer per coordination of benefits. (x2) | Payment adjusted because the payer deems the information submitted does not support this many services. (x1)
CO222,Exceeds the contracted number of hours/days/units,CARC dictionary,Exceeds the contracted maximum number of hours/days/units by this provider for this period (x1) | Duplicate of services previously claimed.  Submitting duplicate claims adds administrative cost for provider and payer. (x1)
CO23,The impact of prior payer(s) adjudication,CARC dictionary,Payment adjusted due to the impact of prior payer(s) adjudication including payments and/or adjustments (x2) | Payment adjusted because this procedure code was invalid on the date of service (x1)
CO234,This procedure is not paid separately,CARC dictionary,THIS PROCEDURE IS NOT PAID SEPERATELY (x1) | The referring provider is not eligible to refer the service billed. (x1)
CO24,Charges are covered under a capitation agreement/managed care plan,CARC dictionary,Payment for charges adjusted. Charges are covered under a capitation agreement/managed care plan. (x2) | Payment denied/reduced for absence of precertification/authorization (x1)
CO25,Payment denied. Patient has not met the required eligibility requirements,CARC dictionary,Payment denied. Your Stop loss deductible has not been met. (x2) | PAYMENT DENIED AS SERVICE(S) HAVE BEEN CONSIDERED UNDER THE PATIENT'S MEDICAL PLAN. BENEFITS ARE NOT AVAILABLE UNDER THIS DENTAL PLAN (x1)
CO251,Attachment/other documentation did not contain required content,CARC dictionary,"The attachment/other documentation that was received was incomplete or deficient. The necessary information is still needed to process the claim. At least one Remark Code must be provided (may be comprised of either the NCPDP Reject Reason Code, or Remitt (x1) | SERVICES BILLED EXCEED THE OCCUR (x1)"
CO252,An attachment/other documentation is required,CARC dictionary,An attachment/other documentation is required to adjudicate this claim/service. (x2) | Attachment is required to adjudicate this claim (x1)
CO253,Sequestration - reduction in federal payment,CARC dictionary,Sequestration - Reduction in Federal Spending. (x2) | Processed in Excess of charges. (x1) | Processed under a demonstration project or program. Project or program is ending and additional services may not be paid under this project or program. (bill Medicaid directly) (x1)
CO256,Service not payable per managed care contract,CARC dictionary,Enrollment Needed (x1) | SERVICE NOT PAYABLE PER MANAGED CARE CONTRACT (x1) | Provider resubmit claim with appropiate ambulance modifier (x1)
CO26,Expenses incurred prior to coverage,CARC dictionary,Expenses incurred prior to coverage. (x2) | Expenses incurred during lapse in coverage (x1)
CO27,Expenses incurred after coverage terminated,CARC dictionary,Expenses incurred after coverage terminated. (x2) | Eligibility Investigation (x1)
CO28,Coverage terminated before service date,CARC dictionary,Coverage not in effect at the time the service was provided. (x2) | CO-PAYMENT AMOUNT (x1)
CO29,The time limit for filing has expired,CARC dictionary,"The time limit for filing has expired. (x2) | The contract does not provide for these services, therefore, no benefits are payable. (x1)"
CO3,Co-payment Amount,CARC dictionary,Co-payment Amount (x2) | Contractual adjustment. (x1)
CO31,Patient cannot be identified as our insured,CARC dictionary,Claim denied as patient cannot be identified as our insured. (x2) | Claim cutback due to Medicare payment. (x1)
CO34,Insured has no coverage for newborns,CARC dictionary,Claim denied. Insured has no coverage for newborns. (x2) | CLAIM DENIED BECAUSE THIS IS A WORK-RELATED INJURY/ILLNESS AND THUS THE LIABILITY OF THE WORKER'S COMPENSATION CARRIER. (x1)
CO39,Services denied at the time authorization/pre-certification was requested,CARC dictionary,Services denied at the time authorization/pre-certification was requested. (x2) | Require dx. (x1)
CO4,The procedure code is inconsistent with the modifier used,CARC dictionary,"The procedure code is inconsistent with the modifier used or a required modifier is missing. (x2) | THE ATTACHMENT/OTHER DOCUMENTATION THAT WAS RECEIVED WAS INCOMPLETE OR DEFICIENT. THE NECESSARY INFORMATION IS STILL NEEDED TO PROCESS THE CLAIM. AT LEAST ONE REMARK CODE MUST BE PROVIDED (MAY BE COMPRISED OF EITHER THE NCPDP REJECT REASON CODE, OR REMITT (x1)"
CO40,Charges do not meet qualifications for emergent/urgent care,CARC dictionary,Charges do not meet qualifications for emergent/urgent care. (x2) | Charges are adjusted based on multiple surgery rules or concurrent anesthesia rules. (x1)
CO41,Obsolete procedure code,CARC dictionary,Discount agreed to in Preferred Provider contract. (x2) | Disagreement of care/out of service area (x1)
CO42,Procedure code was not valid on date of service,CARC dictionary,Charges exceed our fee schedule or maximum allowable amount. (x2) | Charges do not meet qualifications for emergent/urgent care. (x1)
CO43,Inappropriate use of procedure code,CARC dictionary,"Gramm-Rudman reduction. (x2) | FOR NON-PHYSICIAN CLAIMS,SEE CHA (x1)"
CO44,Prompt-pay discount,CARC dictionary,Prompt-pay discount. (x2) | Pmnt reversal-Hospice member-bill Medicare directly (x1)
CO45,Charges exceed your contracted/legislated fee arrangement,CARC dictionary,Charges exceed your contracted/ legislated fee arrangement. This change to be effective 6/1/07: Charge exceeds fee schedule/maximum allowable or contracted/legislated fee arrangement. (Use Group Codes PR or CO depending upon liability). (x2) | Charges exceed our fee schedule or maximum allowable amount. (x1)
CO46,This service/procedure requires a referral,CARC dictionary,This (these) service(s) is (are) not covered. (x2) | The prescribing/ordering provider is not eligible to prescribe/order the service billed. (x1)
CO49,This is a non-covered service,CARC dictionary,These are non-covered services because this is a routine exam or screening procedure done in conjunction with a routine exam. (x2) | The diagnosis is inconsistent with the patient's gender. (x1)
CO5,The procedure code/bill type is inconsistent with the place of service,CARC dictionary,The procedure code/bill type is inconsistent with the place of service. (x2) | The claim was submitted for a patient who is not enrolled in a VA Health Care System. (x1)
CO50,These are non-covered services,CARC dictionary,These are non-covered services because this is not deemed a 'medical necessity' by the payer. (x2) | The diagnosis is inconsistent with the procedure. (x1)
CO54,Multiple physicians/assistants are not covered,CARC dictionary,Multiple physicians/assistants are not covered in this case . (x2) | Misrouted Claim. See the payor's claim submission instructions. Start 08/01/2007 (x1)
CO55,Procedure/treatment is deemed experimental/investigational,CARC dictionary,Claim/service denied because procedure/treatment is deemed experimental/investigational by the payer. (x2) | Claim/service denied based on prior payer's coverage determination. (x1)
CO56,"Procedure/treatment has not been deemed ""proven to be effective""",CARC dictionary,Claim/service denied because procedure/treatment has not been deemed 'proven to be effective' by the payer. (x2) | Claim/service denied based on prior payer's coverage determination. (x1)
CO58,Treatment was deemed by the payer to have been rendered in an inappropriate setting,CARC dictionary,"Payment adjusted because treatment was deemed by the payer to have been rendered in an inappropriate or invalid place of service. (x2) | Claim/services denied /reduce due to invalid place of service (x1) | Claim/service not covered/reduced because alternative services were available, and should have been utilized. (x1) | CLAIM/SERVICE REJECTED AT THIS TIME BECAUSE INFORMATION FROM ANOTHER PROVIDER WAS NOT PROVIDED OR WAS INSUFFICIENT/INCOMPLETE. (x1)"
CO59,Processed based on multiple or concurrent procedure rules,CARC dictionary,Charges are adjusted based on multiple surgery rules or concurrent anesthesia rules. (x2) | Charges adjusted as penalty for failure to obtain second surgical opinion. (x1)
CO61,Penalty for failure to obtain second surgical opinion,CARC dictionary,Charges adjusted as penalty for failure to obtain second surgical opinion. (x2) | Charge exceeds the covered amount for service (x1)
CO70,Cost outlier - Adjustment to compensate for additional costs,CARC dictionary,Cost outlier - Adjustment to compensate for additional costs. (x2) | CO-PAYMENT AMOUNT (x1)
CO8,The procedure code is inconsistent with the provider type/specialty,CARC dictionary,The procedure code is inconsistent with the provider type/specialty (taxonomy). (x2) | The charge exceeds the Medicare allowable amount. (x1)
CO9,The diagnosis is inconsistent with the patient's age,CARC dictionary,The diagnosis is inconsistent with the patient's age. (x2) | Services not documented in patients' medical records. (x1)
CO90,Worker's Compensation adjustment,CARC dictionary,Ingredient cost adjustment. (x2) | Inconsistent diagnosis and/or modifier (x1)
CO91,Denial reversed per Medical Review,CARC dictionary,Dispensing fee adjustment. (x2) | DISCONTINUED OR REDUCED SERVICE (x1)
CO94,Processed in accordance with Demonstration Project,CARC dictionary,Processed in Excess of charges. (x2) | Please submit charge to Medicaid (x1)
CO95,Plan procedures not followed,CARC dictionary,Benefits adjusted. Plan procedures not followed. (x2) | BENEFIT MAXIMUM FOR THIS TIME PERIOD OR OCCURRENCE HAS BEEN REACHED. (x1)
CO96,Non-covered charge(s),CARC dictionary,Non-covered charge(s). This change to be effective 4/1/2007: At least one Remark Code must be provided (may be comprised of either the Remittance Advice Remark Code or NCPDP Reject Reason Code.) (x2) | No PIP Application on File. (x1)
CO97,Payment is included in another service/procedure,CARC dictionary,Payment adjusted because the benefit for this service is included in the payment/allowance for another service/procedure that has already been adjudicated (x2) | Patient(s) was/were not admitted to hospice program at the time service(s) was/were provided. (x1)
COA1,Deductible Amount,CARC dictionary,Claim/Service denied. At least one Remark Code must be provided (may be comprised of either the Remittance Advice Remark Code or NCPDP Reject Reason Code). (x2) | Claim/service denied. Appeal procedures not followed or time limits not met. (x1)
COA2,Coinsurance Amount,CARC dictionary,Contractual adjustment. (x2) | Completed suborgation/workers compensation questionaire needed from member before claim can be processed. (x1)
COB10,The diagnosis is inconsistent with the patient's gender,CARC dictionary,Allowed amount has been reduced because a component of the basic procedure/test was paid. The beneficiary is not liable for more than the charge limit for the basic procedure/test. (x2) | ALLOWED AMOUNT HAS BEEN REDUCED BECAUSE A COMPONENT OF THE BASIC PROCEDURE/TEST WAS PAID. THE BENEFICIARY IS NOT LIABLE FOR MORE THAN THE CHARGE LIMIT FOR THE BASIC PROCEDURE/TEST. (x1)
COB11,The diagnosis is inconsistent with the procedure,CARC dictionary,The claim/service has been transferred to the proper payer/processor for processing. Claim/service not covered by this payer/processor. (x2) | Services denied at the time authorization/pre-certification was requested. (x1)
COB12,The diagnosis is inconsistent with the provider type,CARC dictionary,Services not documented in patients' medical records. (x2) | SEQUESTRATION REDUCTION (x1)
COB15,"The authorization number is missing, invalid, or does not apply",CARC dictionary,"Payment adjusted because this service/procedure requires that a qualifying service/procedure be received and covered. The qualifying other service/procedure has not been received/adjudicated. (x2) | PAYMENT ADJUSTED BECAUSE THE SUBMITTED AUTHORIZATION NUMBER IS MISSING, INVALID, OR DOES NOT APPLY TO THE BILLED SERVICES OR PROVIDER. (x1)"
COB18,Exact duplicate claim/service,CARC dictionary,Payment adjusted because this procedure code and modifier were invalid on the date of service (x2) | Payment adjusted because the procedure modifier was invalid on the date of service (x1)
COB20,This injury/illness is covered by the liability carrier,CARC dictionary,Payment adjusted because procedure/service was partially or fully furnished by another provider. (x2) | Patient not admitted to hospice program at the time service provided. (x1)
COB4,The procedure code is inconsistent with the modifier used,CARC dictionary,Late filing penalty. (x2) | INITIAL DECISION-UPHELD (x1)
COB7,The procedure/revenue code is inconsistent with the patient's gender,CARC dictionary,This provider was not certified/eligible to be paid for this procedure/service on this date of service. (x2) | THE RENDERING PROVIDER IS NOT ELIGIBLE TO PERFORM THE SERVICE BILLED. (x1)
COB9,The diagnosis is inconsistent with the patient's age,CARC dictionary,Services not covered because the patient is enrolled in a Hospice. (x2) | Send copy of EOB from primary carrier. (x1)
COP14,Payment included in payment for another service/procedure on same day (Property & Casualty),CARC dictionary,The Benefit for this Service is included in the payment/allowance for another service/procedure that has been performed on the same day (x1) | RENCES REMAINING ON THE APPROVED (x1)
COP5,Based on payer reasonable and customary fees,CARC dictionary,"Based on payer reasonable and customary fees. No maximum allowable defined by legislated fee arrangement. To be_x000D_
used for Property and Casualty only. (x1) | BASED ON PAYER REASONABLE AND CUSTOMARY FEES. NO MAXIMUM ALLOWABLE DEFINED BY LEGISLATED FEE ARRANGEMENT. TO BE (x1)"
CR119,Benefit maximum has been reached,CARC dictionary,"Benefit maximum for this time period or occurrence has been reached. (x2) | Because Medicare did not approve this expense, no benefits are payable. (x1)"
CR23,The impact of prior payer(s) adjudication,CARC dictionary,Payment adjusted due to the impact of prior payer(s) adjudication including payments and/or adjustments (x2) | Payment adjusted because this procedure code was invalid on the date of service (x1)
CR27,Expenses incurred after coverage terminated,CARC dictionary,Expenses incurred after coverage terminated. (x2) | EXCEEDS THE CONTRACTED MAXIMUM NUMBER OF HOURS/DAYS/UNITS BY THIS PROVIDER FOR THIS PERIOD (x1)
CR29,The time limit for filing has expired,CARC dictionary,The time limit for filing has expired. (x2) | The date of death precedes the date of service. (x1)
CR38,Services not provided or not provided as frequently as billed,CARC dictionary,Services not provided or authorized by designated (network/primary care) providers. (x2) | Service non-covered for beneficiary enrolled in PDP (pharmacy discount program) (x1)
H-MCR105,HMO claim is pending-violation of prompt pay law,Workbook majority,HMO claim is pending-violation of prompt pay law (x1) | MCARE HMO claim is pending-violation of prompt pay law (x1)
H-MCR106,Disagreement of care/out of service area,Legacy denial list,Disagreement of care/out of service area (x1) | Diagnosis is inconsistent with procedure billed (x1)
H-MCR129,Charges exceed fee schedule; Max allowable,Legacy denial list,Charges exceed fee schedule; Max allowable (x1) | Charges do not meet qualifications for emergent/urgent care. (x1)
N706,Missing documentation.,Legacy denial list,Missing Documentation (x1) | Medicare Information Missing or Invalid Resubmit (x1)
NULL,<None>,Workbook majority,<None> (x2) | Charges non-covered (x2) | Invalid policy/id number (x1)
OA10,The diagnosis is inconsistent with the patient's gender,CARC dictionary,The diagnosis is inconsistent with the patient's gender. (x2) | Services not provided or authorized by designated (network/primary care) providers. (x1)
OA100,Payment made to patient/insured/responsible party,CARC dictionary,Payment made to patient/insured/responsible party. (x2) | Payment for charges adjusted. Charges are covered under a capitation agreement/managed care plan. (x1)
OA102,Major Medical Adjustment,CARC dictionary,Major Medical Adjustment. (x2) | Invalid policy/id number (x1)
OA108,Rent/purchase guidelines were not met,CARC dictionary,Payment adjusted because rent/purchase guidelines were not met. (x2) | Patient not eligible on defense enrollment and eligibility reporting system (DEERS). (x1)
OA109,Claim/service not covered by this payer/contractor,CARC dictionary,Claim not covered by this payer/contractor. You must send the claim to the correct payer/contractor. (x2) | Claim is unrelated to workers compensation case. (x1)
OA11,The diagnosis is inconsistent with the procedure,CARC dictionary,The diagnosis is inconsistent with the procedure. (x2) | SERVICES NOT PROVIDED OR AUTHORIZED BY DESIGNATED (NETWORK/PRIMARY CARE) PROVIDERS. (x1)
OA119,Benefit maximum has been reached,CARC dictionary,Benefit maximum for this time period or occurrence has been reached. (x2) | BENEFIT MAXIMUM FOR THIS TIME PERIOD OR OCCURRENCE HAS BEEN REACHED. (x1)
OA121,Indemnification adjustment,CARC dictionary,Indemnification adjustment. (x2) | Hospice primary (x1)
OA129,Prior processing information appears incorrect,CARC dictionary,Payment denied - Prior processing information appears incorrect. (x2) | Payment adjusted because this service/procedure requires that a qualifying service/procedure be received and covered. The qualifying other service/procedure has not been received/adjudicated. (x1)
OA131,Claim specific pre-arranged demonstration project adjustment,CARC dictionary,Claim specific negotiated discount. (x2) | CLAIM REDUCTION (x1)
OA133,The disposition of the claim/service is pending further review,CARC dictionary,The disposition of this claim/service is pending further review. (x2) | SUBMISSION/BILLING ERROR (x1)
OA136,Failure to follow prior payer's coverage determination,CARC dictionary,Claim adjusted based on failure to follow prior payer's coverage rules. (Use Group Code OA). (x2) | Charges submitted show an incorrect date of service and/or patient name (x1)
OA138,Appeal procedures not followed or time limits expired,CARC dictionary,Claim/service denied. Appeal procedures not followed or time limits not met. (x2) | CLAIM/SERVICE DENIED BECAUSE PROCEDURE/TREATMENT IS DEEMED EXPERIMENTAL/INVESTIGATIONAL BY THE PAYER. (x1)
OA146,Diagnosis was invalid for the date(s) of service reported,CARC dictionary,Payment denied because the diagnosis was invalid for the date(s) of service reported. (x2) | Payment adjusted due to the impact of prior payer(s) adjudication including payments and/or adjustments (x2)
OA16,Claim/service lacks information or has submission error(s),CARC dictionary,Claim/service lacks information which is needed for adjudication. Additional information is supplied using remittance advice remarks codes whenever appropriate. This change to be effective 4/1/2007: At least one Remark Code must be provided. (x2) | Claim/Service has missing diagnosis information. (x1)
OA164,Attachment/other documentation contains services not listed on claim,CARC dictionary,Claim/Service adjusted because the attachment referenced on the claim was not received in a timely fashion. (x2) | CLAIM/SERVICE ADJUSTED BECAUSE THE ATTACHMENT REFERENCED ON THE CLAIM WAS NOT RECEIVED IN A TIMELY FASHION. (x1)
OA168,Blood deductible,CARC dictionary,Payment denied as Service(s) have been considered under the patient's medical plan. Benefits are not available under this dental plan (x2) | PAYMENT ADJUSTED BECAUSE TRANSPORTATION IS ONLY COVERED TO THE CLOSEST FACILITY THAT CAN PROVIDE THE NECESSARY CARE. (x1)
OA172,Payment adjusted as this service cannot be identified,CARC dictionary,Payment is adjusted when performed/billed by a provider of this specialty (x2) | Payment denied/reduced for absence of precertification/authorization (x2)
OA177,Patient has not met the required eligibility requirements,CARC dictionary,Payment denied because the patient has not met the required eligibility requirements (x1) | Payment adjusted for exceeding precertification/authorization (x1)
OA18,Exact duplicate claim/service,CARC dictionary,Duplicate claim/service. (x2) | Duplicate Claim (x1)
OA181,Procedure code was invalid on the date of service,CARC dictionary,Payment adjusted because this procedure code was invalid on the date of service (x2) | Payment adjusted because the procedure modifier was invalid on the date of service (x2)
OA182,Procedure modifier was invalid on the date of service,CARC dictionary,Payment adjusted because the procedure modifier was invalid on the date of service (x2) | Payment adjusted because the payer deems the information submitted does not support this level of service. (x2)
OA187,Consumer Spending Account payments,CARC dictionary,Health Savings account payments (x2) | THE PROVIDER MANUAL. (x1) | Fractional mileage units required. (x1) | GRAMM-RUDMAN REDUCTION. (x1)
OA19,This is a work-related injury/illness,CARC dictionary,Claim denied because this is a work-related injury/illness and thus the liability of the Worker's Compensation Carrier. (x2) | CLAIM DENIED BECAUSE THIS INJURY/ILLNESS IS THE LIABILITY OF THE NO-FAULT CARRIER. (x1)
OA192,Non-standard adjustment code from paper remittance,CARC dictionary,Non standard adjustment code from paper remittance advice. (x2) | No NPI on submitted claim (x1)
OA193,Original payment decision is being maintained,CARC dictionary,Original payment decision is being maintained. This claim was processed properly the first time. (x2) | Non-covered diagnosis. (x1) | Non-Covered service (x1) | Non-covered service. (x1)
OA197,Precertification/authorization/notification absent,CARC dictionary,Payment denied/reduced for absence of precertification/authorization (x2) | Payment denied because the patient has not met the required eligibility requirements (x2) | Payment denied because the diagnosis was invalid for the date(s) of service reported. (x1)
OA198,Precertification/authorization exceeded,CARC dictionary,"Payment denied/reduced for exceeded, precertification/authorization (x2) | Payment adjusted because this procedure code was invalid on the date of service (x1)"
OA21,This injury/illness is the liability of the no-fault carrier,CARC dictionary,Claim denied because this injury/illness is the liability of the no-fault carrier. (x2) | Claim denied because this injury/illness is covered by the liability carrier. (x1)
OA216,New Patient qualifications were not met,CARC dictionary,ggh (x1) | PROVIDER DISPUTE DENIED (x1)
OA22,This care may be covered by another payer,CARC dictionary,Payment adjusted because this care may be covered by another payer per coordination of benefits. (x2) | Payment adjusted because the payer deems the information submitted does not support this many services. (x1)
OA23,The impact of prior payer(s) adjudication,CARC dictionary,Payment adjusted due to the impact of prior payer(s) adjudication including payments and/or adjustments (x2) | Payment adjusted because this procedure code was invalid on the date of service (x1)
OA243,Services not authorized by network/primary care provider,CARC dictionary,Services not authorized by network/primary care providers. (x1) | Secondary payment cannot be considered without the identity of or payment information from the primary payer. (x1) | Send copy of EOB from primary carrier (x1)
OA253,Sequestration - reduction in federal payment,CARC dictionary,Sequestration - reduction in federal payment (x1) | Processed in Excess of charges. (x1)
OA258,Claim/service not covered when patient is in this type of facility,CARC dictionary,"OA258 - Claim/service not covered when patient is in custody/incarcerated. Applicable federal, state or local authority may cover the claim/service. (x1) | Non-covered charge(s). This change to be effective 4/1/2007: At least one Remark Code must be provided (may be comprised of either the Remittance Advice Remark Code or NCPDP Reject Reason Code.) (x1)"
OA28,Coverage terminated before service date,CARC dictionary,Coverage not in effect at the time the service was provided. (x2) | Cost outlier - Adjustment to compensate for additional costs. (x1)
OA29,The time limit for filing has expired,CARC dictionary,The time limit for filing has expired. (x2) | THE DIAGNOSIS CODE SUBMITTED IS (x1)
OA31,Patient cannot be identified as our insured,CARC dictionary,Claim denied as patient cannot be identified as our insured. (x2) | Claim Denied - Beneficiary travel claim was filed outside of the 30-day timely filing limitation. 38 CFR 70.20 (c). (x1)
OA38,Services not provided or not provided as frequently as billed,CARC dictionary,Services not provided or authorized by designated (network/primary care) providers. (x2) | Service not contracted. (x1)
OA39,Services denied at the time authorization/pre-certification was requested,CARC dictionary,Services denied at the time authorization/pre-certification was requested. (x2) | REQUIRES ORIGINAL CLAIMS WITH AL (x1)
OA4,The procedure code is inconsistent with the modifier used,CARC dictionary,The procedure code is inconsistent with the modifier used or a required modifier is missing. (x2) | THE ATTACHMENT/OTHER DOCUMENTATION THAT WAS RECEIVED WAS THE INCORRECT ATTACHMENT/DOCUMENT. (x1)
OA42,Procedure code was not valid on date of service,CARC dictionary,Charges exceed our fee schedule or maximum allowable amount. (x2) | Charges exceed fee schedule; Max allowable (x1)
OA45,Charges exceed your contracted/legislated fee arrangement,CARC dictionary,Charges exceed your contracted/ legislated fee arrangement. This change to be effective 6/1/07: Charge exceeds fee schedule/maximum allowable or contracted/legislated fee arrangement. (Use Group Codes PR or CO depending upon liability). (x2) | Charges exceed our fee schedule or maximum allowable amount. (x1)
OA47,This service/procedure requires authorization from the patient's primary care provider,CARC dictionary,"This (these) diagnosis(es) is (are) not covered, missing, or are invalid. (x2) | The ICD9 code on the claim do not support the billed procedure code (x1)"
OA50,These are non-covered services,CARC dictionary,These are non-covered services because this is not deemed a 'medical necessity' by the payer. (x2) | The diagnosis is inconsistent with the procedure. (x1)
OA57,Payment based on policy limits,CARC dictionary,"Payment denied/reduced because the payer deems the information submitted does not support this level of service, this many services, this length of service, this dosage, or this day's supply. (x2) | PAYMENT DENIED AS SERVICE(S) HAVE BEEN CONSIDERED UNDER THE PATIENT'S MEDICAL PLAN. BENEFITS ARE NOT AVAILABLE UNDER THIS DENTAL PLAN (x1)"
OA8,The procedure code is inconsistent with the provider type/specialty,CARC dictionary,The procedure code is inconsistent with the provider type/specialty (taxonomy). (x2) | The claim was submitted for a patient whi is not enrolled in a VA Health Care System. (x1)
OA94,Processed in accordance with Demonstration Project,CARC dictionary,Processed in Excess of charges. (x2) | Please submit Medicare summary notice (x1)
OA95,Plan procedures not followed,CARC dictionary,Benefits adjusted. Plan procedures not followed. (x2) | BENEFIT MAXIMUM FOR THIS TIME PERIOD OR OCCURRENCE HAS BEEN REACHED. (x1)
OA96,Non-covered charge(s),CARC dictionary,Non-covered charge(s). This change to be effective 4/1/2007: At least one Remark Code must be provided (may be comprised of either the Remittance Advice Remark Code or NCPDP Reject Reason Code.) (x2) | No preauthorization has been obtained. (x1)
OA97,Payment is included in another service/procedure,CARC dictionary,Payment adjusted because the benefit for this service is included in the payment/allowance for another service/procedure that has already been adjudicated (x2) | Patient/Insured health identification number and name do not match. (x1)
OAA0,Patient refund amount.,Legacy denial list,Patient refund amount. (x2) | Our records indicate that you have two or more health insurances that are primary to Tricare.  Your claim was denied because we did not recieve explanations of benefits (EOBS) from all of your insurances for the charges submitted to Tricare. (x1)
OAA1,Deductible Amount,CARC dictionary,Claim/Service denied. At least one Remark Code must be provided (may be comprised of either the Remittance Advice Remark Code or NCPDP Reject Reason Code). (x2) | Claim/service denied. Appeal procedures not followed or time limits not met. (x1)
OAA2,Coinsurance Amount,CARC dictionary,Contractual adjustment. (x2) | Consult plan benefit documents/guildlines for information about restrictions for this service. (x1)
OAB11,The diagnosis is inconsistent with the procedure,CARC dictionary,The claim/service has been transferred to the proper payer/processor for processing. Claim/service not covered by this payer/processor. (x2) | SERVICES DENIED AT THE TIME AUTHORIZATION/PRE-CERTIFICATION WAS REQUESTED. (x1)
OAB12,The diagnosis is inconsistent with the provider type,CARC dictionary,Services not documented in patients' medical records. (x2) | SEQUESTRATION-REDUCTION IN FEDERAL PAYMENT (x1) | Service denied because payment already made for same/similar procedure within set time frame. (x1)
OAB13,The date of death precedes the date of service,CARC dictionary,Previously paid. Payment for this claim/service may have been provided in a previous payment. (x2) | NT LIABILITY. (x1)
OAB15,"The authorization number is missing, invalid, or does not apply",CARC dictionary,"Payment adjusted because this service/procedure requires that a qualifying service/procedure be received and covered. The qualifying other service/procedure has not been received/adjudicated. (x2) | PAYMENT ADJUSTED BECAUSE THE SUBMITTED AUTHORIZATION NUMBER IS MISSING, INVALID, OR DOES NOT APPLY TO THE BILLED SERVICES OR PROVIDER. (x1)"
OAB22,This care may be covered by another payer,CARC dictionary,This payment is adjusted based on the diagnosis. (x2) | The procedure code/bill type is inconsistent with the place of service. (x1)
OAB4,The procedure code is inconsistent with the modifier used,CARC dictionary,Late filing penalty. (x2) | Insuffucuent COB information-resubmit with appropriate COB amounts (x1)
OAB7,The procedure/revenue code is inconsistent with the patient's gender,CARC dictionary,This provider was not certified/eligible to be paid for this procedure/service on this date of service. (x2) | The rendering provider is not eligible to perform the service billed. (x1)
OAB9,The diagnosis is inconsistent with the patient's age,CARC dictionary,Services not covered because the patient is enrolled in a Hospice. (x2) | SEQUESTRATION - REDUCTION IN FEDERAL PAYMENT (x1)
OAD18,Diagnosis information missing,CARC dictionary,Claim/Service has missing diagnosis information. (x2) | Claim/Service denied. At least one Remark Code must be provided (may be comprised of either the Remittance Advice Remark Code or NCPDP Reject Reason Code). (x1)
PI107,Payment adjusted for failure to obtain treatment authorization,CARC dictionary,Claim/service adjusted because the related or qualifying claim/service was not identified on this claim. (x2) | MS MEDICAID DIDNT PAY MILEAGE ON A0425 AND SHOULD HAVE (x1) | Claim/Service adjusted because the attachment referenced on the claim was not received. (x1)
PI11,The diagnosis is inconsistent with the procedure,CARC dictionary,The diagnosis is inconsistent with the procedure. (x2) | Services not provided or authorized by designated (network/primary care) providers. (x1)
PI128,Newborn's services are covered under the mother's plan,CARC dictionary,Newborn's services are covered in the mother's Allowance. (x2) | Missing explanation of benefits (coordination of benefits or Medicare secondary payor). (x1)
PI129,Prior processing information appears incorrect,CARC dictionary,Payment denied - Prior processing information appears incorrect. (x2) | Payment adjusted because this service/procedure requires that a qualifying service/procedure be received and covered. The qualifying other service/procedure has not been received/adjudicated. (x1)
PI146,Diagnosis was invalid for the date(s) of service reported,CARC dictionary,Payment denied because the diagnosis was invalid for the date(s) of service reported. (x2) | Payment adjusted due to the impact of prior payer(s) adjudication including payments and/or adjustments (x1)
PI147,Provider contracted/negotiated rate expired on the date of service,CARC dictionary,Provider contracted/negotiated rate expired or not on file. (x2) | Precertification/authorization/notification/pre-treatment number may be valid but does not apply to the billed services. (x1)
PI148,Information from another provider was not provided,CARC dictionary,Claim/service rejected at this time because information from another provider was not provided or was insufficient/incomplete. (x2) | Claim/service lacks information which is needed for adjudication. Additional information is supplied using remittance advice remarks codes whenever appropriate. This change to be effective 4/1/2007: At least one Remark Code must be provided. (x1)
PI15,"The authorization number is missing, invalid, or does not apply",CARC dictionary,"Payment adjusted because the submitted authorization number is missing, invalid, or does not apply to the billed services or provider. (x2) | Payment adjusted because the payer deems the information submitted does not support this many services. (x1)"
PI169,Alternate benefit has been provided,CARC dictionary,Payment adjusted because an alternate benefit has been provided (x2) | Patient liability may be affected due to coordination of benefits with other carriers and/or maximum benefit provisions. (x1)
PI182,Procedure modifier was invalid on the date of service,CARC dictionary,Payment adjusted because the payer deems the information submitted does not support this many services. (x3) | Payment adjusted because the procedure modifier was invalid on the date of service (x2)
PI19,This is a work-related injury/illness,CARC dictionary,Claim denied because this is a work-related injury/illness and thus the liability of the Worker's Compensation Carrier. (x2) | CLAIM DENIED BECAUSE THIS IS A WORK-RELATED INJURY/ILLNESS AND THUS THE LIABILITY OF THE WORKER'S COMPENSATION CARRIER. (x1)
PI197,Precertification/authorization/notification absent,CARC dictionary,Payment denied/reduced for absence of precertification/authorization (x2) | Payment denied because the patient has not met the required eligibility requirements (x1) | Payment denied because the patient has not met the required eligibility requirements. (x1)
PI20,This injury/illness is covered by the liability carrier,CARC dictionary,Claim denied because this injury/illness is covered by the liability carrier. (x2) | Claim denied as patient cannot be identified as our insured. (x1)
PI204,This service/equipment/drug is not covered,CARC dictionary,his service/device/drug is not covered under the current patient benefit plan. (x1) | THIS SERVICE/EQUIPMENT/DRUG IS NOT COVERED UNDER THE PATIENTS CURRENT PLAN (x1) | The time limit for filing has expired. (x1)
PI22,This care may be covered by another payer,CARC dictionary,Payment adjusted because this care may be covered by another payer per coordination of benefits. (x2) | PAYMENT ADJUSTED BECAUSE THE PROCEDURE MODIFIER WAS INVALID ON THE DATE OF SERVICE (x1)
PI226,Information requested from billing/treating provider not provided,CARC dictionary,Information requested from the Billing/Rendering Provider was not provided or not provided timely or was insufficient/incomplete. (x1) | Inclusive in Primary Procedure (x1)
PI234,This procedure is not paid separately,CARC dictionary,"Procedure is not paid separately (x1) | Per ICD10, the combine dx codes cannot be reported together. (x1) | Please submit a copy of the Explanation of Benefits (EOB) from the Secondary Carrier. (x1)"
PI242,Services not provided by network/primary care provider,CARC dictionary,"SERVICES NOT PROVIDED BY NETWORK/PRIMARY CARE PROVIDERS (x1) | SERVICE INCLUDED IN OTHER SVCS. (x1) | SERVICE IS INCLUDED IN THE PER DIEM,CARE RATE,OR GLOBAL FEE (x1)"
PI253,Sequestration - reduction in federal payment,CARC dictionary,SEQUESTRATION-REDUCTION IN FEDERAL PAYMENT (x1) | PROMPT-PAY DISCOUNT. (x1)
PI26,Expenses incurred prior to coverage,CARC dictionary,Expenses incurred prior to coverage. (x2) | Expenses incurred during lapse in coverage (x1)
PI38,Services not provided or not provided as frequently as billed,CARC dictionary,Services not provided or authorized by designated (network/primary care) providers. (x2) | SERVICE NOT PAYABLE PER MANAGED CARE CONTRACT (x1)
PI4,The procedure code is inconsistent with the modifier used,CARC dictionary,The procedure code is inconsistent with the modifier used or a required modifier is missing. (x2) | THE BENEFIT FOR THIS SERVICE IS INCLUDED IN THE PAYMENT/ALLOWANCE FOR ANOTHER SERVICE/PROCEDURE THAT HAS BEEN PERFORMED ON THE SAME DAY (x1)
PI40,Charges do not meet qualifications for emergent/urgent care,CARC dictionary,Charges do not meet qualifications for emergent/urgent care. (x2) | Charges are adjusted based on multiple surgery rules or concurrent anesthesia rules. (x1)
PI42,Procedure code was not valid on date of service,CARC dictionary,Charges exceed our fee schedule or maximum allowable amount. (x2) | CHARGES EXCEED OUR FEE SCHEDULE OR MAXIMUM ALLOWABLE AMOUNT. (x1)
PI44,Prompt-pay discount,CARC dictionary,Prompt-pay discount. (x2) | Prearranged demonstration project adjustment. (x1)
PI5,The procedure code/bill type is inconsistent with the place of service,CARC dictionary,The procedure code/bill type is inconsistent with the place of service. (x2) | The claim/service has been transferred to the proper payer/processor for processing. Claim/service not covered by this payer/processor. (x1)
PI51,These are non-covered services. Payment included in allowance for another service,CARC dictionary,These are non-covered services because this is a pre-existing condition (x2) | The diagnosis is inconsistent with the patient's gender. (x1)
PI78,Non-Covered days/room charge adjustment,CARC dictionary,Non-Covered days/Room charge adjustment. (x2) | Non emergent ambulance services are not covered less medically necessary. (x1)
PI9,The diagnosis is inconsistent with the patient's age,CARC dictionary,The diagnosis is inconsistent with the patient's age. (x2) | Services not documented in patients' medical records. (x1)
PI93,No Supplementary Medical Insurance (SMI) for this patient,CARC dictionary,No Claim level Adjustments. (x2) | Missing/incomplete/invalid prior insurance carrier EOB. (x1)
PI94,Processed in accordance with Demonstration Project,CARC dictionary,Processed in Excess of charges. (x2) | Pmnt for this claim/service was provided in a previous pmnt (x1)
PI96,Non-covered charge(s),CARC dictionary,Non-covered charge(s). This change to be effective 4/1/2007: At least one Remark Code must be provided (may be comprised of either the Remittance Advice Remark Code or NCPDP Reject Reason Code.) (x2) | No prior Hospice knowledge and/or approval fo services provided. (x1)
PI97,Payment is included in another service/procedure,CARC dictionary,Payment adjusted because the benefit for this service is included in the payment/allowance for another service/procedure that has already been adjudicated (x2) | Patients coverage was not active on the service date(s) in question. (x1)
PIA7,The procedure/revenue code is inconsistent with the patient's gender,CARC dictionary,Presumptive Payment Adjustment (x2) | PAYMENT REDUCED BECAUSE OF PATIE (x1)
PIB10,The diagnosis is inconsistent with the patient's gender,CARC dictionary,Allowed amount has been reduced because a component of the basic procedure/test was paid. The beneficiary is not liable for more than the charge limit for the basic procedure/test. (x2) | ALLOWED AMOUNT HAS BEEN REDUCED BECAUSE A COMPONENT OF THE BASIC PROCEDURE/TEST WAS PAID. THE BENEFICIARY IS NOT LIABLE FOR MORE THAN THE CHARGE LIMIT FOR THE BASIC PROCEDURE/TEST. (x1)
PIB11,The diagnosis is inconsistent with the procedure,CARC dictionary,The claim/service has been transferred to the proper payer/processor for processing. Claim/service not covered by this payer/processor. (x2) | Services not authorized by network/primary care providers (x1)
PIB12,The diagnosis is inconsistent with the provider type,CARC dictionary,Services not documented in patients' medical records. (x2) | SERVICE DOWNCODED TO MATCH AUTHORIZED CODE (x1)
PIB13,The date of death precedes the date of service,CARC dictionary,Previously paid. Payment for this claim/service may have been provided in a previous payment. (x2) | PAYMENT REDUCED DUE TO OTHER INS (x1)
PIB4,The procedure code is inconsistent with the modifier used,CARC dictionary,Late filing penalty. (x2) | Invalid DX codes (x1)
PIB9,The diagnosis is inconsistent with the patient's age,CARC dictionary,Services not covered because the patient is enrolled in a Hospice. (x2) | Sequestration - Reduction in Federal Spending. (x1)
PR1,Deductible Amount,CARC dictionary,Deductible Amount (x2) | Deductible -- Major Medical (x1)
PR100,Payment made to patient/insured/responsible party,CARC dictionary,Payment made to patient/insured/responsible party. (x2) | PAYMENT FOR SERVICE IS THE RESPO (x1)
PR102,Major Medical Adjustment,CARC dictionary,Major Medical Adjustment. (x2) | Invalid Procedure Modifier Combination. (x1)
PR108,Rent/purchase guidelines were not met,CARC dictionary,Payment adjusted because rent/purchase guidelines were not met. (x2) | Patient refund amount. (x1)
PR11,The diagnosis is inconsistent with the procedure,CARC dictionary,The diagnosis is inconsistent with the procedure. (x2) | Services were disallowed by Utilizaion Management. (x1)
PR110,Billing date predates service date,CARC dictionary,Billing date predates service date. (x2) | BILL MEDICARE HOSPICE SERVICE (x1)
PR117,Transportation is only covered to the nearest appropriate facility that can provide the required level of care,CARC dictionary,Payment adjusted because transportation is only covered to the closest facility that can provide the necessary care. (x2) | Payment adjusted because this care may be covered by another payer per coordination of benefits. (x1)
PR126,Patient is enrolled in a hospice,CARC dictionary,Deductible -- Major Medical (x2) | Deceased (x1)
PR142,Adjustment to maintain relationship with the usual customary fee,CARC dictionary,Claim adjusted by the monthly Medicaid patient liability amount. (x2) | Claim Adjusted - Retroactive coverage termination (x1)
PR151,Payer deems the information does not support this length of service,CARC dictionary,Payment adjusted because the benefit for this service is included in the payment/allowance for another service/procedure that has already been adjudicated (x3) | Payment adjusted because the payer deems the information submitted does not support this many services. (x2)
PR167,This diagnosis is not covered,CARC dictionary,This (these) diagnosis(es) is (are) not covered. (x2) | The members coverage was not in effect on the date the service was provided. (x1) | The named patient has not applied for No Fault benefits with CDTA. (x1)
PR168,Blood deductible,CARC dictionary,Payment denied as Service(s) have been considered under the patient's medical plan. Benefits are not available under this dental plan (x2) | PAYMENT ADJUSTED BECAUSE TREATMENT WAS DEEMED BY THE PAYER TO HAVE BEEN RENDERED IN AN INAPPROPRIATE OR INVALID PLACE OF SERVICE. (x1)
PR17,Requested information was not provided or was insufficient/incomplete,CARC dictionary,Payment adjusted because requested information was not provided or was insufficient/incomplete. Additional information is supplied using the remittance advice remarks codes whenever appropriate. At least one Remark Code must be provided. (x2) | Patient was not in custody of this correctional facility at the time the service was performed (x1)
PR170,Payment denied when performed/billed by this type of provider,CARC dictionary,"Payment is denied when performed/billed by this type of provider. (x2) | Payment denied/reduced for exceeded, precertification/authorization (x1)"
PR177,Patient has not met the required eligibility requirements,CARC dictionary,Payment denied - Prior processing information appears incorrect. (x2) | Payment denied because the patient has not met the required eligibility requirements (x1) | Payment denied because the patient has not met the required eligibility requirements. (x1)
PR185,The rendering provider is not eligible to perform service billed,CARC dictionary,The rendering provider is not eligible to perform the service billed. (x2) | HE DATES OF SERVICE BILLED. (x1)
PR187,Consumer Spending Account payments,CARC dictionary,Health Savings account payments (x2) | HEALTH CARE PLAN ENROLLEE OR MEN (x1) | TAL HEALTH PLAN RECIPENT;CAPITAT (x1)
PR191,Not a work related injury/illness,CARC dictionary,Claim denied because this is not a work related injury/illness and thus not the liability of the workers' compensation carrier. (x2) | Claim denied because this is a work-related injury/illness and thus the liability of the Worker's Compensation Carrier. (x1)
PR192,Non-standard adjustment code from paper remittance,CARC dictionary,Non standard adjustment code from paper remittance advice. (x2) | No NPI on submitted claim (x1)
PR193,Original payment decision is being maintained,CARC dictionary,Original payment decision is being maintained. This claim was processed properly the first time. (x2) | Not a covered benefit. (x1) | Not medically necessary (x1)
PR196,Precertification/notification/authorization not within time limit,CARC dictionary,Claim/service denied based on prior payer's coverage determination. (x3) | Claim/service adjusted because the related or qualifying claim/service was not identified on this claim. (x1)
PR197,Precertification/authorization/notification absent,CARC dictionary,Payment denied/reduced for absence of precertification/authorization (x2) | PAYMENT DENIED PROVIDER OUT OF NETWORK (x2) | PAYMENT DENIED. YOUR STOP LOSS DEDUCTIBLE HAS NOT BEEN MET. (x1)
PR198,Precertification/authorization exceeded,CARC dictionary,"Payment denied/reduced for absence of precertification/authorization (x3) | Payment denied/reduced for exceeded, precertification/authorization (x2)"
PR2,Coinsurance Amount,CARC dictionary,Coinsurance Amount (x2) | Code is not a covered service on your fee schedule. (x1)
PR201,Worker's Compensation case settled,CARC dictionary,Workers Compensation case settled. Patient is responsible for amount of this claim/service through WC 'Medicare set aside arrangement' or other agreement. (Use group code PR). (x2) | This claim has been denied.  Please resubmit with a copy of the Medicare explanation of benefits. (x1)
PR204,This service/equipment/drug is not covered,CARC dictionary,The service / Equipment is not covered under the patients current benefit plan (x1) | his service/equipment/drug is not covered under the patients current benefit plan (x1)
PR22,This care may be covered by another payer,CARC dictionary,Payment adjusted because this care may be covered by another payer per coordination of benefits. (x2) | Payment adjusted because the procedure modifier was invalid on the date of service (x1)
PR226,Information requested from billing/treating provider not provided,CARC dictionary,Information requested from the Billing/Rendering Provider was not provided or not provided timely or was insufficient (x1) | Inappropriate Ambulance Modifier (x1)
PR227,Information requested from patient/insured/responsible party not provided,CARC dictionary,INFORMATION REQUESTED FROM THE PATIENT/INSURED/RESPONSIBLE PARTY WAS NOT PROVIDED OR WAS INSUFFICIENT/INCOMPLETE (x1) | Incomplete EOB (x1)
PR23,The impact of prior payer(s) adjudication,CARC dictionary,Payment adjusted due to the impact of prior payer(s) adjudication including payments and/or adjustments (x2) | Payment adjusted because this procedure code was invalid on the date of service (x1)
PR234,This procedure is not paid separately,CARC dictionary,This procedure is not paid separately (x1) | The recommended payment is based on the usual and customary fee within the provider's specific geographic region. (x1)
PR242,Services not provided by network/primary care provider,CARC dictionary,PAYMENT DENIED PROVIDER OUT OF NETWORK (x1) | Payment denied - Prior processing information appears incorrect. (x1) | PAYMENT DENIED AS SERVICE(S) HAVE BEEN CONSIDERED UNDER THE PATIENT'S MEDICAL PLAN. BENEFITS ARE NOT AVAILABLE UNDER THIS DENTAL PLAN (x1)
PR243,Services not authorized by network/primary care provider,CARC dictionary,"Services not authorized by network/primary care providers (x1) | Resubmit to CMO, 200 Corporate dr, Yonkers NY 10701 (x1)"
PR252,An attachment/other documentation is required,CARC dictionary,An attachment/other documentation is required to adjudicate this claim/service. AT LEAST (x1) | AN ATTACHMENT/OTHER DOCUMENTATION IS REQUIRED TO ADJUDICATE THIS CLAIM/SERVICE. AT LEAST (x1)
PR26,Expenses incurred prior to coverage,CARC dictionary,Expenses incurred prior to coverage. (x2) | EXPENSES INCURRED PRIOR TO COVERAGE. (x1)
PR276,Services denied by prior payer(s) not included in this payment,CARC dictionary,PATIENT RESPONSIBILITY (x1) | OUT OF NETWORK. (x1)
PR29,The time limit for filing has expired,CARC dictionary,The time limit for filing has expired. (x2) | NOT BILLED TO THE HIGHEST LEVEL (x1)
PR3,Co-payment Amount,CARC dictionary,Co-payment Amount (x2) | Contractual adjustment. (x1)
PR32,Our records indicate patient was not an eligible dependent,CARC dictionary,Our records indicate that this dependent is not an eligible dependent as defined. (x2) | Operation of motor vehicle while under the influence of alcohol (x1)
PR33,Insured has no dependent coverage,CARC dictionary,Claim denied. Insured has no dependent coverage. (x2) | Claim denied because this is not a work related injury/illness and thus not the liability of the workers' compensation carrier. (x1)
PR35,Lifetime benefit maximum has been reached,CARC dictionary,Lifetime benefit maximum has been reached. (x2) | Invalid HCPC codes (x1)
PR38,Services not provided or not provided as frequently as billed,CARC dictionary,Services not provided or authorized by designated (network/primary care) providers. (x2) | Service not related to patient's Hospice terminal diagnosis plan of care. (x1)
PR39,Services denied at the time authorization/pre-certification was requested,CARC dictionary,Services denied at the time authorization/pre-certification was requested. (x2) | L RELEVANT DOCUMENTATION. (x1)
PR4,The procedure code is inconsistent with the modifier used,CARC dictionary,The procedure code is inconsistent with the modifier used or a required modifier is missing. (x2) | The benefit for this service is not covered out of network. (x1)
PR49,This is a non-covered service,CARC dictionary,These are non-covered services because this is a routine exam or screening procedure done in conjunction with a routine exam. (x2) | The diagnosis is inconsistent with the procedure. (x1)
PR5,The procedure code/bill type is inconsistent with the place of service,CARC dictionary,The procedure code/bill type is inconsistent with the place of service. (x2) | The claim/service has been transferred to the proper payer/processor for processing. Claim/service not covered by this payer/processor. (x1)
PR50,These are non-covered services,CARC dictionary,These are non-covered services because this is not deemed a 'medical necessity' by the payer. (x2) | The diagnosis is inconsistent with the procedure. (x1)
PR51,These are non-covered services. Payment included in allowance for another service,CARC dictionary,These are non-covered services because this is a pre-existing condition (x2) | The diagnosis is inconsistent with the patient's gender. (x1)
PR55,Procedure/treatment is deemed experimental/investigational,CARC dictionary,Claim/service denied because procedure/treatment is deemed experimental/investigational by the payer. (x2) | Claim/service denied because procedure/treatment has not been deemed 'proven to be effective' by the payer. (x1)
PR58,Treatment was deemed by the payer to have been rendered in an inappropriate setting,CARC dictionary,Payment adjusted because treatment was deemed by the payer to have been rendered in an inappropriate or invalid place of service. (x2) | Payment adjusted because this care may be covered by another payer per coordination of benefits. (x1)
PR59,Processed based on multiple or concurrent procedure rules,CARC dictionary,Charges are adjusted based on multiple surgery rules or concurrent anesthesia rules. (x2) | Charges adjusted as penalty for failure to obtain second surgical opinion.. (x1)
PR6,The procedure/revenue code is inconsistent with the patient's age,CARC dictionary,The procedure/revenue code is inconsistent with the patient's age. (x2) | The claim/service has been transferred to the proper payer/processor for processing. Claim/service not covered by this payer/processor. (x1)
PR9,The diagnosis is inconsistent with the patient's age,CARC dictionary,The diagnosis is inconsistent with the patient's age. (x2) | SERVICES NOT DOCUMENTED IN PATIENTS' MEDICAL RECORDS. (x1)
PR96,Non-covered charge(s),CARC dictionary,Non-covered charge(s). This change to be effective 4/1/2007: At least one Remark Code must be provided (may be comprised of either the Remittance Advice Remark Code or NCPDP Reject Reason Code.) (x2) | No reply from subscriber; other insurance. (x1)
PR97,Payment is included in another service/procedure,CARC dictionary,Payment adjusted because the benefit for this service is included in the payment/allowance for another service/procedure that has already been adjudicated (x2) | Payer claim control number is required. (x1)
PRA2,Coinsurance Amount,CARC dictionary,Contractual adjustment. (x2) | CONTRACTUAL ADJUSTMENT. (x1)
PRB11,The diagnosis is inconsistent with the procedure,CARC dictionary,The claim/service has been transferred to the proper payer/processor for processing. Claim/service not covered by this payer/processor. (x2) | Services not authorized by network/primary care providers. (x1)
PRB15,"The authorization number is missing, invalid, or does not apply",CARC dictionary,Payment adjusted because this service/procedure requires that a qualifying service/procedure be received and covered. The qualifying other service/procedure has not been received/adjudicated. (x2) | Payment adjusted because this care may be covered by another payer per coordination of benefits. (x1)
PRB22,This care may be covered by another payer,CARC dictionary,This payment is adjusted based on the diagnosis. (x2) | THE PROCEDURE/REVENUE CODE IS INCONSISTENT WITH THE PATIENT'S AGE. (x1)
PRB7,The procedure/revenue code is inconsistent with the patient's gender,CARC dictionary,This provider was not certified/eligible to be paid for this procedure/service on this date of service. (x2) | THE RENDERING PROVIDER IS NOT ELIGIBLE TO PERFORM THE SERVICE BILLED. (x1)
PRB8,The procedure code is inconsistent with the provider type/specialty,CARC dictionary,"Claim/service not covered/reduced because alternative services were available, and should have been utilized. (x2) | Claim/service lacks information which is needed for adjudication. Additional information is supplied using remittance advice remarks codes whenever appropriate. This change to be effective 4/1/2007: At least one Remark Code must be provided. (x1)"
PRB9,The diagnosis is inconsistent with the patient's age,CARC dictionary,Services not covered because the patient is enrolled in a Hospice. (x2) | Sequestration - Reduction in Federal Spending. (x1)
PRD21,Diagnosis missing or invalid,CARC dictionary,This (these) diagnosis(es) is (are) missing or are invalid (x2) | The disposition of this claim/service is pending further review. (x1)
